c1,door_sensor2,
0.0,0.0,0.9631901840490797
0.0,1.0,0.03680981595092025
1.0,0.0,0.8733599543639475
1.0,1.0,0.1266400456360525
