c1,reliable_sensor3,
0.0,0.0,0.6441717791411042
0.0,1.0,0.3558282208588957
1.0,0.0,0.6337706788362807
1.0,1.0,0.36622932116371937
