c2,door_sensor2,
0.0,0.0,0.9455909943714822
0.0,1.0,0.054409005628517824
1.0,0.0,0.859596713965646
1.0,1.0,0.14040328603435398
