c3a,reliable_sensor2,
0.0,0.0,0.8411078717201166
0.0,1.0,0.1588921282798834
1.0,0.0,0.8286544046466602
1.0,1.0,0.1713455953533398
