c3a,unreliable_sensor2,
0.0,0.0,0.8549562682215743
0.0,1.0,0.14504373177842567
1.0,0.0,0.08422071636011616
1.0,1.0,0.9157792836398838
