c3b,reliable_sensor1,
0.0,0.0,0.48542274052478135
0.0,1.0,0.5145772594752187
1.0,0.0,0.515972894482091
1.0,1.0,0.484027105517909
