c4,door_sensor4,
0.0,0.0,0.95625
0.0,1.0,0.04375
1.0,0.0,0.9416481069042317
1.0,1.0,0.058351893095768374
