c4,unreliable_sensor1,
0.0,0.0,0.73125
0.0,1.0,0.26875
1.0,0.0,0.47750556792873056
1.0,1.0,0.5224944320712696
