o1,unreliable_sensor1,
0.0,0.0,0.854727132974635
0.0,1.0,0.14527286702536513
1.0,0.0,0.06974637681159421
1.0,1.0,0.9302536231884058
