r10,unreliable_sensor2,
0.0,0.0,0.46261682242990654
0.0,1.0,0.5373831775700935
1.0,0.0,0.5371775417298938
1.0,1.0,0.46282245827010626
