r15,unreliable_sensor2,
0.0,0.0,0.5193717277486911
0.0,1.0,0.4806282722513089
1.0,0.0,0.526896551724138
1.0,1.0,0.4731034482758621
