r16,reliable_sensor1,
0.0,0.0,0.9727722772277227
0.0,1.0,0.027227722772277228
1.0,0.0,0.016764459346186086
1.0,1.0,0.9832355406538139
