r17,reliable_sensor1,
0.0,0.0,0.5359669811320755
0.0,1.0,0.46403301886792453
1.0,0.0,0.4090267983074753
1.0,1.0,0.5909732016925247
