r1,unreliable_sensor3,
0.0,0.0,0.8589251439539347
0.0,1.0,0.14107485604606526
1.0,0.0,0.0491562729273661
1.0,1.0,0.9508437270726338
