r23,unreliable_sensor4,
0.0,0.0,0.8164759725400458
0.0,1.0,0.18352402745995425
1.0,0.0,0.8181818181818182
1.0,1.0,0.18181818181818182
