r24,unreliable_sensor4,
0.0,0.0,0.855954465849387
0.0,1.0,0.14404553415061297
1.0,0.0,0.0743801652892562
1.0,1.0,0.9256198347107438
