r25,reliable_sensor3,
0.0,0.0,0.9657179818887452
0.0,1.0,0.03428201811125486
1.0,0.0,0.04423748544819558
1.0,1.0,0.9557625145518044
