r26,reliable_sensor3,
0.0,0.0,0.6216475095785441
0.0,1.0,0.3783524904214559
1.0,0.0,0.7350157728706624
1.0,1.0,0.26498422712933756
