r26,door_sensor3,
0.0,0.0,0.9683908045977011
0.0,1.0,0.031609195402298854
1.0,0.0,0.7886435331230284
1.0,1.0,0.2113564668769716
