r27,door_sensor3,
0.0,0.0,0.9697867298578198
0.0,1.0,0.030213270142180094
1.0,0.0,0.8856345885634589
1.0,1.0,0.11436541143654114
