r2,unreliable_sensor3,
0.0,0.0,0.39124157844080854
0.0,1.0,0.6087584215591916
1.0,0.0,0.45565749235474007
1.0,1.0,0.5443425076452599
