r31,reliable_sensor4,
0.0,0.0,0.962171052631579
0.0,1.0,0.03782894736842105
1.0,0.0,0.020185029436501262
1.0,1.0,0.9798149705634988
