r32,reliable_sensor4,
0.0,0.0,0.4694485842026826
0.0,1.0,0.5305514157973175
1.0,0.0,0.6352040816326531
1.0,1.0,0.3647959183673469
