r35,door_sensor4,
0.0,0.0,0.9705882352941176
0.0,1.0,0.029411764705882353
1.0,0.0,0.815242494226328
1.0,1.0,0.18475750577367206
