r5,reliable_sensor2,
0.0,0.0,0.9628378378378378
0.0,1.0,0.037162162162162164
1.0,0.0,0.04504504504504504
1.0,1.0,0.954954954954955
