r5,unreliable_sensor2,
0.0,0.0,0.527992277992278
0.0,1.0,0.472007722007722
1.0,0.0,0.4984984984984985
1.0,1.0,0.5015015015015015
