r6,reliable_sensor2,
0.0,0.0,0.8313609467455622
0.0,1.0,0.16863905325443787
1.0,0.0,0.8594164456233422
1.0,1.0,0.14058355437665782
