r8,door_sensor1,
0.0,0.0,0.963967971530249
0.0,1.0,0.03603202846975089
1.0,0.0,0.5859872611464968
1.0,1.0,0.4140127388535032
