r9,door_sensor1,
0.0,0.0,0.9667832167832167
0.0,1.0,0.033216783216783216
1.0,0.0,0.8708272859216255
1.0,1.0,0.12917271407837447
