r9,reliable_sensor2,
0.0,0.0,0.8403263403263403
0.0,1.0,0.15967365967365968
1.0,0.0,0.8243831640058055
1.0,1.0,0.17561683599419448
