robot1,
0.0,0.0004161464835622139
1.0,0.9995838535164377
